{"weights":[[[1]],[[-1.177134420237503,-0.9627496622097796],[1.5386336327943049,-1.609778399870278]],[[-0.6064940207178884,-1.672031621814509,0.8310861622502951],[-0.5273007369303289,0.04037527776930252,0.5665009362722762],[-1.6519242514856116,-0.739559719924018,1.3702382334508538]],[[0.5930604971906807,-0.4366514824512447,-0.7403754231289781,-1.5549853582456317],[2.200596524071897,1.7480613488903958,-1.9775534325304376,-0.7193025037936877]],[[-0.35770176605782145,-2.436285753599437,2.582905857633103]]],"alpha":0.07813162402035373}