{"weights":[[[1]],[[1.47798799071572,-0.5036695953033649],[0.17368591720211926,-0.776315810809852],[-1.066358231541275,-0.4243687554293938],[1.4654500034417697,-1.2907809579343794],[1.7024943812624385,0.8161832113110138]],[[1.6627195646397817,0.8142769911357411,0.08870040021808177,-0.5304242105140854,1.094563792035967,-0.941698347995955],[-0.8796614246624703,0.7153777544761073,-0.021250899553086147,-0.005140936432879342,-0.1617220897934538,-1.2613383675115126],[-0.7853406692566524,-0.43718482890855276,0.23592043611048405,0.2822099885372757,-0.7701470766042083,1.1671949304102909],[0.03961756763356937,-1.0506069435944794,1.079042306854982,-0.007090304232787125,0.876067468448318,-1.8780248112552536],[-0.3958778518402517,0.041835909549362095,-1.0490888344267741,-0.33224428761282754,-1.0394088924035196,-0.7502849314386213],[-0.9857923892041862,-0.49738007617701624,-0.810320236597917,-0.7208305225117408,-0.7366574180959878,-0.07121687588735122],[0.15938059517581493,0.26741949881918253,-0.43529626783138253,-0.5373602040045578,-1.2928258414542644,-1.5211033311677666],[0.20204069018934956,-0.022881195827050425,-0.16599158397568425,0.7999185528216901,0.3152137497865976,-0.2708009094387372]],[[-0.6986227471428861,0.855379587924029,0.02292785164144175,-1.1058692065358973,-0.23641265020181845,0.31553704131099874,0.25570322118317096,-0.13842022804039952,-0.30390260244509987],[-0.5147034956986956,0.2763812098288395,0.0434233759310528,-0.8441402303328496,-0.3612924320074202,0.06399528739539224,0.865342321172808,-0.5014487432517815,-0.625810209632144],[0.1817456388438459,-0.6677088215254116,0.2712370834553609,-0.20975046564075586,-0.8657468247922094,-0.03144573134808719,0.686708683302539,-0.6149366674491328,1.2825089066463422],[-1.240888388932162,-0.5644406470401078,-0.7986857452470799,-1.0264224949664906,-1.1970051916130249,0.06817106688941985,0.06897260350077138,-1.0769265426610604,-1.3223171331832573],[-0.6979747164957566,-0.6965066606952216,1.0980190947766433,-1.4638088726497924,-0.40067624148657993,-0.48051326287805673,-0.013685743760487179,0.5466020387216793,0.8437221827329947]],[[-1.2043478044892546,-0.4464984423582892,1.6587730886992165,-1.8562520498839488,-1.2861571345782201,-0.8923765130142962]]],"alpha":0.055282828911975966}