{"weights":[[[1],[1]],[[-0.05245985179850284,-0.6378885759240271,-0.474301829927692],[-1.1282216610348255,-0.7764012177706119,0.24475398434779377],[-0.31891377442369684,0.03885614565939148,1.916880466881897],[-0.11056198511886965,0.367391875381898,-0.9085665190519154],[-1.694399649062444,-5.013794760203592,-1.163454259496502]],[[0.05580079277131984,0.2203530304130668,-1.0639278112088721,-0.16164531388525413,-0.5174171838094961,1.6392703510578308],[0.12312751084050555,0.8591096920889225,-0.5531429809479613,-4.798398137798769,-1.113048040745555,0.7608161651300078],[0.3381718148690018,0.24171780981897015,-0.059439205499906674,-0.7997250317666625,-0.7624753225047985,-0.8559693700719481],[-0.14384973230445317,0.3832334516625077,-1.1347515623029163,0.12165860950471044,-0.1849107186717828,1.5563682197351825],[0.8426083405581902,-0.2416974536395167,0.1358690014270234,-2.04317321909187,-0.21995602905005,0.8542937773782724],[1.195209543657524,1.0442270833049414,0.8743159227758674,-1.1483427448359949,0.1923154041820018,0.7210356971898134],[0.6042464693598789,0.28883596646345894,0.3111454447107729,-1.6409070388469713,-0.5296569946898049,-0.43186831205976767],[0.1945774182426327,0.3412451235852085,-0.18969515434995443,-1.6046324605580378,-0.11914587846549889,-0.8138889488058093]],[[-0.2247681533918034,-0.4499880084459415,-0.1300902461940167,-1.2172761043319917,-2.221166199923454,-0.044737413366603834,-0.06173035437573197,-1.4223473369754223,1.981129666173828],[0.2502871211724557,-0.8105645708401332,-0.21858986066655633,1.4088094388248174,-0.9840482064776456,-1.7354692947536792,0.34472016855335563,-0.5018858736112992,2.3992760512415368],[-1.052838552280286,0.48478173707240313,0.8392143986762013,0.08292677030556232,-1.5856424796274489,-0.41363744501393157,-0.18595195686552501,-0.043333741741557616,-1.321613692074737],[0.08882523732257866,-1.1350378906559426,0.12292129883188034,-1.0541852634013527,-0.6259937767564141,-0.41316990458547975,-0.10887175151463138,0.10174883886666375,-0.4639807097734339],[2.1867289720558585,1.1332398203188478,-0.03137379572514628,1.603728821509838,-0.5746216836581679,-0.898901028772299,-0.19588137706153375,0.9113359854785611,0.2736360308173282]],[[0.8463660007800144,2.520283877881808,-0.04319065406737958,0.3665354302397364,1.070575939263315,1.381459374901432],[-3.757778930122575,-2.2787562347620764,-0.25423032246655103,-1.2456569728819846,2.285298656528808,-0.04448646692808067]]],"alpha":0.001799807650492679}