{"weights":[[[1],[1]],[[-0.3646818014882283,-0.8897026198215745,0.5252783279367643],[-0.3646818014882283,-0.8897026198215745,0.5252783279367643],[-0.3646818014882283,-0.8897026198215745,0.5252783279367643],[-0.3646818014882283,-0.8897026198215745,0.5252783279367643],[-0.3646818014882283,-0.8897026198215745,0.5252783279367643]],[[-0.5846653813043662,-0.5846653813043662,-0.5846653813043662,-0.5846653813043662,-0.5846653813043662,-0.021435415144776548],[-0.5846653813043662,-0.5846653813043662,-0.5846653813043662,-0.5846653813043662,-0.5846653813043662,-0.021435415144776548],[-0.5846653813043662,-0.5846653813043662,-0.5846653813043662,-0.5846653813043662,-0.5846653813043662,-0.021435415144776548],[-0.5846653813043662,-0.5846653813043662,-0.5846653813043662,-0.5846653813043662,-0.5846653813043662,-0.021435415144776548],[-0.5846653813043662,-0.5846653813043662,-0.5846653813043662,-0.5846653813043662,-0.5846653813043662,-0.021435415144776548]],[[0.705639222282092,0.705639222282092,0.705639222282092,0.705639222282092,0.705639222282092,-0.7681841402712525],[0.8669088299312607,0.8669088299312607,0.8669088299312607,0.8669088299312607,0.8669088299312607,-0.649277234429884]]],"alpha":0.49441163334674876}